Deutschland,sg
Frankreich,sg
Italien,sg
Spanien,sg
England,sg
Österreich,sg
Schweiz,sg
Russland,sg
China,sg
Japan,sg
Amerika,sg
Polen,sg
Belgien,sg
Portugal,sg
Griechenland,sg
Türkei,sg
Schweden,sg
Norwegen,sg
Dänemark,sg
Finnland,sg
Irland,sg
Ungarn,sg
Rumänien,sg
Kroatien,sg
Serbien,sg
Ukraine,sg
Brasilien,sg
Argentinien,sg
Mexiko,sg
Kanada,sg
Australien,sg
Indien,sg
Ägypten,sg
Israel,sg
Iran,sg
Syrien,sg
Marokko,sg
Kuba,sg
Chile,sg
Kolumbien,sg
Berlin,sg
Hamburg,sg
München,sg
Köln,sg
Frankfurt,sg
Stuttgart,sg
Düsseldorf,sg
Dortmund,sg
Essen,sg
Leipzig,sg
Dresden,sg
Hannover,sg
Nürnberg,sg
Bremen,sg
Bonn,sg
Münster,sg
Karlsruhe,sg
Mannheim,sg
Augsburg,sg
Wiesbaden,sg
Braunschweig,sg
Kiel,sg
Freiburg,sg
Mainz,sg
Erfurt,sg
Rostock,sg
Kassel,sg
Potsdam,sg
Wien,sg
Zürich,sg
Salzburg,sg
London,sg
Paris,sg
Rom,sg
Madrid,sg
Barcelona,sg
Amsterdam,sg
Brüssel,sg
Moskau,sg
Prag,sg
Warschau,sg
Budapest,sg
Athen,sg
Istanbul,sg
Stockholm,sg
Dublin,sg
Venedig,sg
Mailand,sg
Müller,sg
Schmidt,sg
Schneider,sg
Fischer,sg
Weber,sg
Meyer,sg
Wagner,sg
Becker,sg
Schulz,sg
Hoffmann,sg
Schäfer,sg
Koch,sg
Bauer,sg
Richter,sg
Klein,sg
Wolf,sg
Schröder,sg
Neumann,sg
Schwarz,sg
Zimmermann,sg
Braun,sg
Krüger,sg
Hartmann,sg
Lange,sg
Werner,sg
Lehmann,sg
König,sg
Walter,sg
Huber,sg
Kaiser,sg
Fuchs,sg
Vogel,sg
Friedrich,sg
Keller,sg
Frank,sg
Berger,sg
Roth,sg
Beck,sg
Martin,sg
Stein,sg
Otto,sg
Graf,sg
Schubert,sg
Winkler,sg
Wolff,sg
